{"_children":[{"_children":[{"_children":[],"EventsList":{},"_elementVariables":[{"Type":14,"Name":"Tag","Default":"btn_main_continue","EnumValues":null},{"Type":1,"Name":"Position_x","Default":"10","EnumValues":null},{"Type":1,"Name":"Position_y","Default":"10","EnumValues":null},{"Type":1,"Name":"Width","Default":"380","EnumValues":null},{"Type":1,"Name":"Height","Default":"200","EnumValues":null},{"Type":3,"Name":"Enabled","Default":"False","EnumValues":null},{"Type":3,"Name":"Visible","Default":"true","EnumValues":null},{"Type":16,"Name":"Style","Default":"FILL_CENTER","EnumValues":["ALIGN_LEFT","ALIGN_RIGHT","ALIGN_CENTER","FILL_CENTER","RELATIVE_PARENT","ABSOLUTE"]},{"Type":14,"Name":"Text","Default":"Continue","EnumValues":null}],"_uid":36,"Name":"Button"},{"_children":[],"EventsList":{},"_elementVariables":[{"Type":14,"Name":"Tag","Default":"btn_main_start","EnumValues":null},{"Type":1,"Name":"Position_x","Default":"10","EnumValues":null},{"Type":1,"Name":"Position_y","Default":"60","EnumValues":null},{"Type":1,"Name":"Width","Default":"380","EnumValues":null},{"Type":1,"Name":"Height","Default":"300","EnumValues":null},{"Type":3,"Name":"Enabled","Default":"true","EnumValues":null},{"Type":3,"Name":"Visible","Default":"true","EnumValues":null},{"Type":16,"Name":"Style","Default":"FILL_CENTER","EnumValues":["ALIGN_LEFT","ALIGN_RIGHT","ALIGN_CENTER","FILL_CENTER","RELATIVE_PARENT","ABSOLUTE"]},{"Type":14,"Name":"Text","Default":"New Game","EnumValues":null}],"_uid":36,"Name":"Button"},{"_children":[],"EventsList":{},"_elementVariables":[{"Type":14,"Name":"Tag","Default":"btn_main_options","EnumValues":null},{"Type":1,"Name":"Position_x","Default":"10","EnumValues":null},{"Type":1,"Name":"Position_y","Default":"110","EnumValues":null},{"Type":1,"Name":"Width","Default":"380","EnumValues":null},{"Type":1,"Name":"Height","Default":"120","EnumValues":null},{"Type":3,"Name":"Enabled","Default":"true","EnumValues":null},{"Type":3,"Name":"Visible","Default":"true","EnumValues":null},{"Type":16,"Name":"Style","Default":"FILL_CENTER","EnumValues":["ALIGN_LEFT","ALIGN_RIGHT","ALIGN_CENTER","FILL_CENTER","RELATIVE_PARENT","ABSOLUTE"]},{"Type":14,"Name":"Text","Default":"Options","EnumValues":null}],"_uid":36,"Name":"Button"},{"_children":[],"EventsList":{},"_elementVariables":[{"Type":14,"Name":"Tag","Default":"btn_main_credits","EnumValues":null},{"Type":1,"Name":"Position_x","Default":"10","EnumValues":null},{"Type":1,"Name":"Position_y","Default":"160","EnumValues":null},{"Type":1,"Name":"Width","Default":"380","EnumValues":null},{"Type":1,"Name":"Height","Default":"120","EnumValues":null},{"Type":3,"Name":"Enabled","Default":"true","EnumValues":null},{"Type":3,"Name":"Visible","Default":"true","EnumValues":null},{"Type":16,"Name":"Style","Default":"FILL_CENTER","EnumValues":["ALIGN_LEFT","ALIGN_RIGHT","ALIGN_CENTER","FILL_CENTER","RELATIVE_PARENT","ABSOLUTE"]},{"Type":14,"Name":"Text","Default":"Credits","EnumValues":null}],"_uid":36,"Name":"Button"},{"_children":[],"EventsList":{},"_elementVariables":[{"Type":14,"Name":"Tag","Default":"btn_main_exit","EnumValues":null},{"Type":1,"Name":"Position_x","Default":"10","EnumValues":null},{"Type":1,"Name":"Position_y","Default":"360","EnumValues":null},{"Type":1,"Name":"Width","Default":"380","EnumValues":null},{"Type":1,"Name":"Height","Default":"80","EnumValues":null},{"Type":3,"Name":"Enabled","Default":"true","EnumValues":null},{"Type":3,"Name":"Visible","Default":"true","EnumValues":null},{"Type":16,"Name":"Style","Default":"FILL_CENTER","EnumValues":["ALIGN_LEFT","ALIGN_RIGHT","ALIGN_CENTER","FILL_CENTER","RELATIVE_PARENT","ABSOLUTE"]},{"Type":14,"Name":"Text","Default":"Exit","EnumValues":null}],"_uid":36,"Name":"Button"},{"_children":[],"EventsList":{},"_elementVariables":[{"Type":14,"Name":"Tag","Default":"unused_0","EnumValues":null},{"Type":1,"Name":"Position_x","Default":"10","EnumValues":null},{"Type":1,"Name":"Position_y","Default":"210","EnumValues":null},{"Type":1,"Name":"Width","Default":"100","EnumValues":null},{"Type":1,"Name":"Height","Default":"100","EnumValues":null},{"Type":3,"Name":"Enabled","Default":"true","EnumValues":null},{"Type":3,"Name":"Visible","Default":"false","EnumValues":null},{"Type":16,"Name":"Style","Default":"FILL_CENTER","EnumValues":["ALIGN_LEFT","ALIGN_RIGHT","ALIGN_CENTER","FILL_CENTER","RELATIVE_PARENT","ABSOLUTE"]},{"Type":14,"Name":"Text","Default":"Level Editor","EnumValues":null}],"_uid":36,"Name":"Button"},{"_children":[],"EventsList":{},"_elementVariables":[{"Type":14,"Name":"Tag","Default":"unused_1","EnumValues":null},{"Type":1,"Name":"Position_x","Default":"10","EnumValues":null},{"Type":1,"Name":"Position_y","Default":"260","EnumValues":null},{"Type":1,"Name":"Width","Default":"100","EnumValues":null},{"Type":1,"Name":"Height","Default":"100","EnumValues":null},{"Type":3,"Name":"Enabled","Default":"true","EnumValues":null},{"Type":3,"Name":"Visible","Default":"False","EnumValues":null},{"Type":16,"Name":"Style","Default":"FILL_CENTER","EnumValues":["ALIGN_LEFT","ALIGN_RIGHT","ALIGN_CENTER","FILL_CENTER","RELATIVE_PARENT","ABSOLUTE"]},{"Type":14,"Name":"Text","Default":"button","EnumValues":null}],"_uid":36,"Name":"Button"},{"_children":[],"EventsList":{},"_elementVariables":[{"Type":14,"Name":"Tag","Default":"unused_2","EnumValues":null},{"Type":1,"Name":"Position_x","Default":"10","EnumValues":null},{"Type":1,"Name":"Position_y","Default":"310","EnumValues":null},{"Type":1,"Name":"Width","Default":"100","EnumValues":null},{"Type":1,"Name":"Height","Default":"100","EnumValues":null},{"Type":3,"Name":"Enabled","Default":"true","EnumValues":null},{"Type":3,"Name":"Visible","Default":"False","EnumValues":null},{"Type":16,"Name":"Style","Default":"FILL_CENTER","EnumValues":["ALIGN_LEFT","ALIGN_RIGHT","ALIGN_CENTER","FILL_CENTER","RELATIVE_PARENT","ABSOLUTE"]},{"Type":14,"Name":"Text","Default":"button","EnumValues":null}],"_uid":36,"Name":"Button"}],"EventsList":{},"_elementVariables":[{"Type":14,"Name":"Tag","Default":"pnl_main_menu","EnumValues":null},{"Type":1,"Name":"Position_x","Default":"760","EnumValues":null},{"Type":1,"Name":"Position_y","Default":"335","EnumValues":null},{"Type":1,"Name":"Width","Default":"400","EnumValues":null},{"Type":1,"Name":"Height","Default":"410","EnumValues":null},{"Type":3,"Name":"Enabled","Default":"true","EnumValues":null},{"Type":3,"Name":"Visible","Default":"true","EnumValues":null},{"Type":16,"Name":"Style","Default":"ABSOLUTE","EnumValues":["ALIGN_LEFT","ALIGN_RIGHT","ALIGN_CENTER","FILL_CENTER","RELATIVE_PARENT","ABSOLUTE"]}],"_uid":36,"Name":"Panel"},{"_children":[{"_children":[],"EventsList":{},"_elementVariables":[{"Type":14,"Name":"Tag","Default":"btn_options_back","EnumValues":null},{"Type":1,"Name":"Position_x","Default":"10","EnumValues":null},{"Type":1,"Name":"Position_y","Default":"360","EnumValues":null},{"Type":1,"Name":"Width","Default":"380","EnumValues":null},{"Type":1,"Name":"Height","Default":"80","EnumValues":null},{"Type":3,"Name":"Enabled","Default":"true","EnumValues":null},{"Type":3,"Name":"Visible","Default":"true","EnumValues":null},{"Type":16,"Name":"Style","Default":"FILL_CENTER","EnumValues":["ALIGN_LEFT","ALIGN_RIGHT","ALIGN_CENTER","FILL_CENTER","RELATIVE_PARENT","ABSOLUTE"]},{"Type":14,"Name":"Text","Default":"Back","EnumValues":null}],"_uid":36,"Name":"Button"},{"_children":[],"EventsList":{},"_elementVariables":[{"Type":14,"Name":"Tag","Default":"btn_options_graphic","EnumValues":null},{"Type":1,"Name":"Position_x","Default":"10","EnumValues":null},{"Type":1,"Name":"Position_y","Default":"10","EnumValues":null},{"Type":1,"Name":"Width","Default":"380","EnumValues":null},{"Type":1,"Name":"Height","Default":"80","EnumValues":null},{"Type":3,"Name":"Enabled","Default":"True","EnumValues":null},{"Type":3,"Name":"Visible","Default":"true","EnumValues":null},{"Type":16,"Name":"Style","Default":"FILL_CENTER","EnumValues":["ALIGN_LEFT","ALIGN_RIGHT","ALIGN_CENTER","FILL_CENTER","RELATIVE_PARENT","ABSOLUTE"]},{"Type":14,"Name":"Text","Default":"Graphic","EnumValues":null}],"_uid":36,"Name":"Button"},{"_children":[],"EventsList":{},"_elementVariables":[{"Type":14,"Name":"Tag","Default":"btn_options_audio","EnumValues":null},{"Type":1,"Name":"Position_x","Default":"10","EnumValues":null},{"Type":1,"Name":"Position_y","Default":"60","EnumValues":null},{"Type":1,"Name":"Width","Default":"380","EnumValues":null},{"Type":1,"Name":"Height","Default":"80","EnumValues":null},{"Type":3,"Name":"Enabled","Default":"true","EnumValues":null},{"Type":3,"Name":"Visible","Default":"true","EnumValues":null},{"Type":16,"Name":"Style","Default":"FILL_CENTER","EnumValues":["ALIGN_LEFT","ALIGN_RIGHT","ALIGN_CENTER","FILL_CENTER","RELATIVE_PARENT","ABSOLUTE"]},{"Type":14,"Name":"Text","Default":"Audio","EnumValues":null}],"_uid":36,"Name":"Button"},{"_children":[],"EventsList":{},"_elementVariables":[{"Type":14,"Name":"Tag","Default":"btn_options_input","EnumValues":null},{"Type":1,"Name":"Position_x","Default":"10","EnumValues":null},{"Type":1,"Name":"Position_y","Default":"110","EnumValues":null},{"Type":1,"Name":"Width","Default":"380","EnumValues":null},{"Type":1,"Name":"Height","Default":"80","EnumValues":null},{"Type":3,"Name":"Enabled","Default":"true","EnumValues":null},{"Type":3,"Name":"Visible","Default":"true","EnumValues":null},{"Type":16,"Name":"Style","Default":"FILL_CENTER","EnumValues":["ALIGN_LEFT","ALIGN_RIGHT","ALIGN_CENTER","FILL_CENTER","RELATIVE_PARENT","ABSOLUTE"]},{"Type":14,"Name":"Text","Default":"Input","EnumValues":null}],"_uid":36,"Name":"Button"}],"EventsList":{},"_elementVariables":[{"Type":14,"Name":"Tag","Default":"pnl_options","EnumValues":null},{"Type":1,"Name":"Position_x","Default":"760","EnumValues":null},{"Type":1,"Name":"Position_y","Default":"335","EnumValues":null},{"Type":1,"Name":"Width","Default":"400","EnumValues":null},{"Type":1,"Name":"Height","Default":"410","EnumValues":null},{"Type":3,"Name":"Enabled","Default":"True","EnumValues":null},{"Type":3,"Name":"Visible","Default":"False","EnumValues":null},{"Type":16,"Name":"Style","Default":"ABSOLUTE","EnumValues":["ALIGN_LEFT","ALIGN_RIGHT","ALIGN_CENTER","FILL_CENTER","RELATIVE_PARENT","ABSOLUTE"]}],"_uid":36,"Name":"Panel"},{"_children":[{"_children":[],"EventsList":{},"_elementVariables":[{"Type":14,"Name":"Tag","Default":"btn_options_graphic_back","EnumValues":null},{"Type":1,"Name":"Position_x","Default":"10","EnumValues":null},{"Type":1,"Name":"Position_y","Default":"360","EnumValues":null},{"Type":1,"Name":"Width","Default":"380","EnumValues":null},{"Type":1,"Name":"Height","Default":"80","EnumValues":null},{"Type":3,"Name":"Enabled","Default":"true","EnumValues":null},{"Type":3,"Name":"Visible","Default":"true","EnumValues":null},{"Type":16,"Name":"Style","Default":"FILL_CENTER","EnumValues":["ALIGN_LEFT","ALIGN_RIGHT","ALIGN_CENTER","FILL_CENTER","RELATIVE_PARENT","ABSOLUTE"]},{"Type":14,"Name":"Text","Default":"Back","EnumValues":null}],"_uid":36,"Name":"Button"},{"_children":[],"EventsList":{},"_elementVariables":[{"Type":14,"Name":"Tag","Default":"brn_options_graphic_screen_mode","EnumValues":null},{"Type":1,"Name":"Position_x","Default":"10","EnumValues":null},{"Type":1,"Name":"Position_y","Default":"10","EnumValues":null},{"Type":1,"Name":"Width","Default":"380","EnumValues":null},{"Type":1,"Name":"Height","Default":"300","EnumValues":null},{"Type":3,"Name":"Enabled","Default":"true","EnumValues":null},{"Type":3,"Name":"Visible","Default":"true","EnumValues":null},{"Type":16,"Name":"Style","Default":"FILL_CENTER","EnumValues":["ALIGN_LEFT","ALIGN_RIGHT","ALIGN_CENTER","FILL_CENTER","RELATIVE_PARENT","ABSOLUTE"]},{"Type":14,"Name":"Text","Default":"Screen mode","EnumValues":null},{"Type":14,"Name":"Values","Default":"Windowed|Full Screen","EnumValues":null}],"_uid":36,"Name":"DropDownList"},{"_children":[],"EventsList":{},"_elementVariables":[{"Type":14,"Name":"Tag","Default":"brn_options_graphic_resolution","EnumValues":null},{"Type":1,"Name":"Position_x","Default":"10","EnumValues":null},{"Type":1,"Name":"Position_y","Default":"110","EnumValues":null},{"Type":1,"Name":"Width","Default":"380","EnumValues":null},{"Type":1,"Name":"Height","Default":"120","EnumValues":null},{"Type":3,"Name":"Enabled","Default":"true","EnumValues":null},{"Type":3,"Name":"Visible","Default":"true","EnumValues":null},{"Type":16,"Name":"Style","Default":"FILL_CENTER","EnumValues":["ALIGN_LEFT","ALIGN_RIGHT","ALIGN_CENTER","FILL_CENTER","RELATIVE_PARENT","ABSOLUTE"]},{"Type":14,"Name":"Text","Default":"Screen resolution","EnumValues":null},{"Type":14,"Name":"Values","Default":"(720p)1280x720|(1080p)1920x1080|(2K)2560x1440","EnumValues":null}],"_uid":36,"Name":"DropDownList"},{"_children":[],"EventsList":{},"_elementVariables":[{"Type":14,"Name":"Tag","Default":"brn_options_graphic_bloom","EnumValues":null},{"Type":1,"Name":"Position_x","Default":"10","EnumValues":null},{"Type":1,"Name":"Position_y","Default":"210","EnumValues":null},{"Type":1,"Name":"Width","Default":"380","EnumValues":null},{"Type":1,"Name":"Height","Default":"120","EnumValues":null},{"Type":3,"Name":"Enabled","Default":"true","EnumValues":null},{"Type":3,"Name":"Visible","Default":"true","EnumValues":null},{"Type":16,"Name":"Style","Default":"FILL_CENTER","EnumValues":["ALIGN_LEFT","ALIGN_RIGHT","ALIGN_CENTER","FILL_CENTER","RELATIVE_PARENT","ABSOLUTE"]},{"Type":14,"Name":"Text","Default":"Bloom","EnumValues":null},{"Type":14,"Name":"Values","Default":"Off|Low|Medium|High","EnumValues":null}],"_uid":36,"Name":"DropDownList"}],"EventsList":{},"_elementVariables":[{"Type":14,"Name":"Tag","Default":"pnl_options_graphic","EnumValues":null},{"Type":1,"Name":"Position_x","Default":"760","EnumValues":null},{"Type":1,"Name":"Position_y","Default":"335","EnumValues":null},{"Type":1,"Name":"Width","Default":"400","EnumValues":null},{"Type":1,"Name":"Height","Default":"410","EnumValues":null},{"Type":3,"Name":"Enabled","Default":"true","EnumValues":null},{"Type":3,"Name":"Visible","Default":"false","EnumValues":null},{"Type":16,"Name":"Style","Default":"ABSOLUTE","EnumValues":["ALIGN_LEFT","ALIGN_RIGHT","ALIGN_CENTER","FILL_CENTER","RELATIVE_PARENT","ABSOLUTE"]}],"_uid":36,"Name":"Panel"},{"_children":[{"_children":[],"EventsList":{},"_elementVariables":[{"Type":14,"Name":"Tag","Default":"btn_options_audio_back","EnumValues":null},{"Type":1,"Name":"Position_x","Default":"10","EnumValues":null},{"Type":1,"Name":"Position_y","Default":"360","EnumValues":null},{"Type":1,"Name":"Width","Default":"100","EnumValues":null},{"Type":1,"Name":"Height","Default":"80","EnumValues":null},{"Type":3,"Name":"Enabled","Default":"true","EnumValues":null},{"Type":3,"Name":"Visible","Default":"true","EnumValues":null},{"Type":16,"Name":"Style","Default":"FILL_CENTER","EnumValues":["ALIGN_LEFT","ALIGN_RIGHT","ALIGN_CENTER","FILL_CENTER","RELATIVE_PARENT","ABSOLUTE"]},{"Type":14,"Name":"Text","Default":"Back","EnumValues":null}],"_uid":36,"Name":"Button"},{"_children":[],"EventsList":{},"_elementVariables":[{"Type":14,"Name":"Tag","Default":"chb_audio_sound","EnumValues":null},{"Type":1,"Name":"Position_x","Default":"10","EnumValues":null},{"Type":1,"Name":"Position_y","Default":"10","EnumValues":null},{"Type":1,"Name":"Width","Default":"380","EnumValues":null},{"Type":1,"Name":"Height","Default":"80","EnumValues":null},{"Type":3,"Name":"Enabled","Default":"true","EnumValues":null},{"Type":3,"Name":"Visible","Default":"True","EnumValues":null},{"Type":16,"Name":"Style","Default":"FILL_CENTER","EnumValues":["ALIGN_LEFT","ALIGN_RIGHT","ALIGN_CENTER","FILL_CENTER","RELATIVE_PARENT","ABSOLUTE"]},{"Type":14,"Name":"Text","Default":"Sound","EnumValues":null}],"_uid":36,"Name":"CheckButton"},{"_children":[],"EventsList":{},"_elementVariables":[{"Type":14,"Name":"Tag","Default":"sld_audio_sound","EnumValues":null},{"Type":1,"Name":"Position_x","Default":"10","EnumValues":null},{"Type":1,"Name":"Position_y","Default":"60","EnumValues":null},{"Type":1,"Name":"Width","Default":"380","EnumValues":null},{"Type":1,"Name":"Height","Default":"80","EnumValues":null},{"Type":3,"Name":"Enabled","Default":"True","EnumValues":null},{"Type":3,"Name":"Visible","Default":"True","EnumValues":null},{"Type":16,"Name":"Style","Default":"FILL_CENTER","EnumValues":["ALIGN_LEFT","ALIGN_RIGHT","ALIGN_CENTER","FILL_CENTER","RELATIVE_PARENT","ABSOLUTE"]},{"Type":14,"Name":"Text","Default":"Sound volume","EnumValues":null},{"Type":1,"Name":"Minimum","Default":"0","EnumValues":null},{"Type":1,"Name":"Maximum","Default":"100","EnumValues":null},{"Type":1,"Name":"Step","Default":"10","EnumValues":null},{"Type":3,"Name":"ShowValue","Default":"true","EnumValues":null}],"_uid":36,"Name":"Slider"},{"_children":[],"EventsList":{},"_elementVariables":[{"Type":14,"Name":"Tag","Default":"chb_audio_music","EnumValues":null},{"Type":1,"Name":"Position_x","Default":"10","EnumValues":null},{"Type":1,"Name":"Position_y","Default":"150","EnumValues":null},{"Type":1,"Name":"Width","Default":"310","EnumValues":null},{"Type":1,"Name":"Height","Default":"80","EnumValues":null},{"Type":3,"Name":"Enabled","Default":"True","EnumValues":null},{"Type":3,"Name":"Visible","Default":"true","EnumValues":null},{"Type":16,"Name":"Style","Default":"FILL_CENTER","EnumValues":["ALIGN_LEFT","ALIGN_RIGHT","ALIGN_CENTER","FILL_CENTER","RELATIVE_PARENT","ABSOLUTE"]},{"Type":14,"Name":"Text","Default":"Music","EnumValues":null}],"_uid":36,"Name":"CheckButton"},{"_children":[],"EventsList":{},"_elementVariables":[{"Type":14,"Name":"Tag","Default":"sld_audio_music","EnumValues":null},{"Type":1,"Name":"Position_x","Default":"10","EnumValues":null},{"Type":1,"Name":"Position_y","Default":"200","EnumValues":null},{"Type":1,"Name":"Width","Default":"380","EnumValues":null},{"Type":1,"Name":"Height","Default":"80","EnumValues":null},{"Type":3,"Name":"Enabled","Default":"True","EnumValues":null},{"Type":3,"Name":"Visible","Default":"True","EnumValues":null},{"Type":16,"Name":"Style","Default":"FILL_CENTER","EnumValues":["ALIGN_LEFT","ALIGN_RIGHT","ALIGN_CENTER","FILL_CENTER","RELATIVE_PARENT","ABSOLUTE"]},{"Type":14,"Name":"Text","Default":"Music volume","EnumValues":null},{"Type":1,"Name":"Minimum","Default":"0","EnumValues":null},{"Type":1,"Name":"Maximum","Default":"100","EnumValues":null},{"Type":1,"Name":"Step","Default":"10","EnumValues":null},{"Type":3,"Name":"ShowValue","Default":"true","EnumValues":null}],"_uid":36,"Name":"Slider"}],"EventsList":{},"_elementVariables":[{"Type":14,"Name":"Tag","Default":"pnl_options_audio","EnumValues":null},{"Type":1,"Name":"Position_x","Default":"760","EnumValues":null},{"Type":1,"Name":"Position_y","Default":"335","EnumValues":null},{"Type":1,"Name":"Width","Default":"400","EnumValues":null},{"Type":1,"Name":"Height","Default":"410","EnumValues":null},{"Type":3,"Name":"Enabled","Default":"true","EnumValues":null},{"Type":3,"Name":"Visible","Default":"false","EnumValues":null},{"Type":16,"Name":"Style","Default":"ABSOLUTE","EnumValues":["ALIGN_LEFT","ALIGN_RIGHT","ALIGN_CENTER","FILL_CENTER","RELATIVE_PARENT","ABSOLUTE"]}],"_uid":36,"Name":"Panel"},{"_children":[{"_children":[],"EventsList":{},"_elementVariables":[{"Type":14,"Name":"Tag","Default":"btn_options_input_back","EnumValues":null},{"Type":1,"Name":"Position_x","Default":"10","EnumValues":null},{"Type":1,"Name":"Position_y","Default":"360","EnumValues":null},{"Type":1,"Name":"Width","Default":"100","EnumValues":null},{"Type":1,"Name":"Height","Default":"80","EnumValues":null},{"Type":3,"Name":"Enabled","Default":"true","EnumValues":null},{"Type":3,"Name":"Visible","Default":"true","EnumValues":null},{"Type":16,"Name":"Style","Default":"FILL_CENTER","EnumValues":["ALIGN_LEFT","ALIGN_RIGHT","ALIGN_CENTER","FILL_CENTER","RELATIVE_PARENT","ABSOLUTE"]},{"Type":14,"Name":"Text","Default":"Back","EnumValues":null}],"_uid":36,"Name":"Button"}],"EventsList":{},"_elementVariables":[{"Type":14,"Name":"Tag","Default":"pnl_options_input","EnumValues":null},{"Type":1,"Name":"Position_x","Default":"760","EnumValues":null},{"Type":1,"Name":"Position_y","Default":"335","EnumValues":null},{"Type":1,"Name":"Width","Default":"400","EnumValues":null},{"Type":1,"Name":"Height","Default":"410","EnumValues":null},{"Type":3,"Name":"Enabled","Default":"true","EnumValues":null},{"Type":3,"Name":"Visible","Default":"false","EnumValues":null},{"Type":16,"Name":"Style","Default":"ABSOLUTE","EnumValues":["ALIGN_LEFT","ALIGN_RIGHT","ALIGN_CENTER","FILL_CENTER","RELATIVE_PARENT","ABSOLUTE"]}],"_uid":36,"Name":"Panel"},{"_children":[{"_children":[],"EventsList":{},"_elementVariables":[{"Type":14,"Name":"Tag","Default":"btn_credits_back","EnumValues":null},{"Type":1,"Name":"Position_x","Default":"10","EnumValues":null},{"Type":1,"Name":"Position_y","Default":"360","EnumValues":null},{"Type":1,"Name":"Width","Default":"380","EnumValues":null},{"Type":1,"Name":"Height","Default":"80","EnumValues":null},{"Type":3,"Name":"Enabled","Default":"true","EnumValues":null},{"Type":3,"Name":"Visible","Default":"true","EnumValues":null},{"Type":16,"Name":"Style","Default":"FILL_CENTER","EnumValues":["ALIGN_LEFT","ALIGN_RIGHT","ALIGN_CENTER","FILL_CENTER","RELATIVE_PARENT","ABSOLUTE"]},{"Type":14,"Name":"Text","Default":"Back","EnumValues":null}],"_uid":36,"Name":"Button"},{"_children":[],"EventsList":{},"_elementVariables":[{"Type":14,"Name":"Tag","Default":"GuiElement_35","EnumValues":null},{"Type":1,"Name":"Position_x","Default":"10","EnumValues":null},{"Type":1,"Name":"Position_y","Default":"10","EnumValues":null},{"Type":1,"Name":"Width","Default":"380","EnumValues":null},{"Type":1,"Name":"Height","Default":"80","EnumValues":null},{"Type":3,"Name":"Enabled","Default":"True","EnumValues":null},{"Type":3,"Name":"Visible","Default":"true","EnumValues":null},{"Type":16,"Name":"Style","Default":"FILL_CENTER","EnumValues":["ALIGN_LEFT","ALIGN_RIGHT","ALIGN_CENTER","FILL_CENTER","RELATIVE_PARENT","ABSOLUTE"]},{"Type":14,"Name":"Text","Default":"Author:\\nKrystian 'Atrox' Rzepiński","EnumValues":null}],"_uid":36,"Name":"Label"},{"_children":[],"EventsList":{},"_elementVariables":[{"Type":14,"Name":"Tag","Default":"GuiElement_36","EnumValues":null},{"Type":1,"Name":"Position_x","Default":"10","EnumValues":null},{"Type":1,"Name":"Position_y","Default":"110","EnumValues":null},{"Type":1,"Name":"Width","Default":"380","EnumValues":null},{"Type":1,"Name":"Height","Default":"80","EnumValues":null},{"Type":3,"Name":"Enabled","Default":"True","EnumValues":null},{"Type":3,"Name":"Visible","Default":"true","EnumValues":null},{"Type":16,"Name":"Style","Default":"FILL_CENTER","EnumValues":["ALIGN_LEFT","ALIGN_RIGHT","ALIGN_CENTER","FILL_CENTER","RELATIVE_PARENT","ABSOLUTE"]},{"Type":14,"Name":"Text","Default":"Author:\\nKrystian 'Atrox' Rzepiński","EnumValues":null}],"_uid":36,"Name":"Label"}],"EventsList":{},"_elementVariables":[{"Type":14,"Name":"Tag","Default":"pnl_credits","EnumValues":null},{"Type":1,"Name":"Position_x","Default":"760","EnumValues":null},{"Type":1,"Name":"Position_y","Default":"335","EnumValues":null},{"Type":1,"Name":"Width","Default":"400","EnumValues":null},{"Type":1,"Name":"Height","Default":"410","EnumValues":null},{"Type":3,"Name":"Enabled","Default":"true","EnumValues":null},{"Type":3,"Name":"Visible","Default":"False","EnumValues":null},{"Type":16,"Name":"Style","Default":"ABSOLUTE","EnumValues":["ALIGN_LEFT","ALIGN_RIGHT","ALIGN_CENTER","FILL_CENTER","RELATIVE_PARENT","ABSOLUTE"]}],"_uid":36,"Name":"Panel"}],"EventsList":{},"_elementVariables":[{"Type":14,"Name":"Tag","Default":"GuiElement_1","EnumValues":null},{"Type":1,"Name":"Position_x","Default":"0","EnumValues":null},{"Type":1,"Name":"Position_y","Default":"0","EnumValues":null},{"Type":1,"Name":"Width","Default":"1920","EnumValues":null},{"Type":1,"Name":"Height","Default":"1080","EnumValues":null},{"Type":3,"Name":"Enabled","Default":"true","EnumValues":null},{"Type":3,"Name":"Visible","Default":"true","EnumValues":null},{"Type":16,"Name":"Style","Default":"ABSOLUTE","EnumValues":["ALIGN_LEFT","ALIGN_RIGHT","ALIGN_CENTER","FILL_CENTER","RELATIVE_PARENT","ABSOLUTE"]},{"Type":15,"Name":"Pallet_background","Default":"#112031","EnumValues":null},{"Type":15,"Name":"Pallet_background_disable","Default":"#0B141E","EnumValues":null},{"Type":15,"Name":"Pallet_frame","Default":"#152D35","EnumValues":null},{"Type":15,"Name":"Pallet_active","Default":"#345B63","EnumValues":null},{"Type":15,"Name":"Pallet_font","Default":"#D4ECDD","EnumValues":null},{"Type":9,"Name":"on_click_sound","Default":"snd_menu_select","EnumValues":null}],"_uid":36,"Name":"root"}